Part Number ,Description ,Type,Supplier name ,UOM ,,
ING001689,Brownie Chocolate Walnut Eggless 56 ea, DESSERT,ALL ABOUT DESSERTS,Each,,
ING001971,Fig & Almond Tart Wedge 1x40 Ea, DESSERT,ALL ABOUT DESSERTS,Each,,
ING002068,Pudding Sticky Toffe with Toffe Sauce Vegan 50gm x 40 Ea, DESSERT,ALL ABOUT DESSERTS,Each,,
ING002096,Cheesecake Triple Chocolate 100gm 30ea, DESSERT,ALL ABOUT DESSERTS,Each,,
ING002616,Bavarois Mixed Berry 60gm x 40ea, DESSERT,ALL ABOUT DESSERTS,Each,,
ING002617,Cake Mango and Coconut 60gm x 40ea, DESSERT,ALL ABOUT DESSERTS,Each,,
ING002618,Bavarois Rhubarb 60gm x 40ea, DESSERT,ALL ABOUT DESSERTS,Each,,
ING002619,Chocolate Double Pot 60gm x 40ea, DESSERT,ALL ABOUT DESSERTS,Each,,
ING002620,Ganache Chocolate and Orange 60gm x 40ea, DESSERT,ALL ABOUT DESSERTS,Each,,
ING002621,Cake Raspberry 60gm x 40ea, DESSERT,ALL ABOUT DESSERTS,Each,,
ING002681,9C2114 Vegan GF Choc Mousse post x 40,FROZEN,ALL ABOUT DESSERTS,Each,,
ING002682,9C2115 Vegan GF Mango & Coconut bavarois x 40,FROZEN,ALL ABOUT DESSERTS,Each,,
ING002680,9C2113 Vegan & GF Tiramisu x 40,FROZEN,ALL ABOUT DESSERTS,Each,,
ING002683,9C2116 Vegan GF Mango Cheesecake x 40,FROZEN,ALL ABOUT DESSERTS,Each,,
ING002685,9C2117 Vegan & GF Sticky Toffee Caramel pot x 40,FROZEN,ALL ABOUT DESSERTS,Each,,
ING001688,9C2112 Cake Chocolate Gateau 42 Ea, DESSERT,ALL ABOUT DESSERTS,,,
ING002726,Raspberry Bavarois 100g X 40,AMBIENT,ALL ABOUT DESSERTS,,,
ING002727,Mango Cheesecake 100g X 40,AMBIENT,ALL ABOUT DESSERTS,,,
ING002728,Sticky Toffee Caramel Pot 100g X 40,AMBIENT,ALL ABOUT DESSERTS,,,
ING001765,Sausage Pork and Apple 8's 2.54kg,FROZEN,ALTHAMS,Kg,,
ING001101,Muffin Raisin Mini Eggless 50 x 37gm (30 c/s),FRESH,American Muffin Co. Ltd,Each,,
ING002032,Compote Blueberry 1.25kg,FROZEN,BAKER AND DAVIS,Kg,,
ING002520,Bacon Back Dry Cured Unsmoked Becketts UK 48x250g,FROZEN,Becketts Bacon,Kg,,
ING002671,"Dry Cure Bacon British Smoked, Thick Cut  RW 55-60gm",FROZEN,Becketts Bacon,,,
ING001342,Lime Pickle Harrisons 160x12g,AMBIENT,BI EUROPE,Each,,
ING000256,Sauce Chilli Sweet,AMBIENT,Bidvest,Ltr,,
ING000265,Honey Clear Blossom (Tub 1x3.17KG),AMBIENT,Bidvest,Kg,,
ING000275,Nut Pine Kernel,AMBIENT,Bidvest,Kg,,
ING000508,Sauce Teriyaki Stir Fry Blue Dragon 6 x 1ltr,AMBIENT,Bidvest,Ltr,,
ING000730,Pasta Fusilli White 3kg,AMBIENT,Bidvest,Kg,,
ING001336,Mushroom Button Sliced Tinned 6x2.5kg,AMBIENT,Bidvest,Kg,,
ING002401,Paste Chipotle Chilli Santa Maria 750gm,AMBIENT,Bidvest,Kg,,
ING002438,Bouillion Chicken Halal Essential Cuisine 800gm,AMBIENT,Bidvest,Kg,,
ING002465,Wine Red Barolo Torlasco 6 x 750ml,AMBIENT,Bidvest,Ltr,,
ING002470,Bouillion Fish Stock Powder Major kg,AMBIENT,Bidvest,Kg,,
ING002478,Tofu Smoked 1kg x 6ea,FRESH,Bidvest,Kg,,
ING001308,"Tortilla Santa Maria Wrap 10"" x 50 ea",FROZEN,BIdvest,Each,,
ING001657,Mini Potato Rosti (Cs 4x2500GR),FROZEN,Bidvest ,Kg,,
ING002239,Potato Wedge Skin On Everyday Favourites FRZ 6 x 2.5kg,FROZEN,Bidvest ,Kg,,
ING001118,Cracker Cream Eggless (No Lard / Suet) 150 Ea,AMBIENT,Bidvest ,Each,,
ING001206,Yoghurt Natural Yeo Valley Organic Wholemilk 12x80gm,FRESH,Bidvest ,Each,,
ING002537,Mineral Water Still Flatcap Decantae 24ea x 500ml,AMBIENT,Bidvest ,Each,,
ING002539,Cashews Salted Dormens 24x40gm,AMBIENT,Bidvest ,Each,,
ING002540,Pretzel Sour Chive PennState 200x10gm,AMBIENT,Bidvest ,Each,,
ING000059,"Tortilla Wholemeal Wheat Flour Wrap 12"" 72ea",FROZEN,Bidvest ,Each,,
ING000711,Bechamel Sauce (6LT),AMBIENT,Bidvest ,Each,,
ING001508,Burger Chicken 72 x 85gm,FROZEN,Bidvest ,Each,,
ING000719,Pasta Penne 4x3kg,AMBIENT,Bidvest ,Kg,,
ING002330,Tofu Diced Extra Firm 20mm x 30mm Dragonfly,FRESH,Bidvest ,Kg,,
PACK000523,125cc Fresco Salad Container Recyclable 600 c/s,PACK,Catering 24,Each,,
PACK000525,"4x6x14"" Brown Baguette Bag with Window Compostable 1000c/s",PACK,Catering 24,Each,,
PACK000530,Tuck-top wrap pack Recyclable 500 c/s,PACK,Catering 24,Each,,
PACK000531,Hot Deli Deluxe Round PP Lids 464 c/s,PACK,Catering 24,Each,,
PACK000532,Hot Deli Deluxe Round Bowls 464 c/s,PACK,Catering 24,Each,,
PACK000524,750g Medium Kraft Brown salad Box 180 c/s,PACK,Catering 24,Each,,
PACK000499,Clear Medium Plastic Microwave Container & Lids 650ml x 250e,PACK,Catering24,Each,,
PACK000242,1004219 Square Tin Foil Container,PACK,CUSTOMER,Each,,
PACK000243,1004372 Square Tin Foil Cover,PACK,CUSTOMER,Each,,
PACK000246,1034567 Lid for Salad Bowl,PACK,CUSTOMER,Each,,
PACK000248,1027448 Bowl Salad China,PACK,CUSTOMER,Each,,
ING002415,Lamb Mince 95% V/L Pasture Grazed kg,MEAT,Farmison & Co,Kg,,
ING002416,Beef Mince 95% V/L Pasture Grazed kg,MEAT,Farmison & Co,Kg,,
ING002532,Beef Diced 25-30mm Braising Cut Grass Fed,MEAT,Farmison & Co,Kg,,
ING001758,Onion Diced 6mm IQF 1kg,FROZEN,Foodnet,Kg,,
ING002374,Peas Garden (Ardo) FRZ,FROZEN,Foodnet,Kg,,
ING000948,Butternut Squash Diced 20mm IQF,Frozen,foodnet,,,
ING002731,Courgette Green Diced 20mm FRZ c/s 10 kg,Frozen,foodnet,,,
ING002739,Aubergine Diced 20mm FRZ,Frozen,foodnet,,,
ING000124,Cream Double 2.27ltr,FRESH,Foodspeed Ltd,Kg,,
ING001524,Cheese Cheddar Matue Grated,FRESH,Foodspeed Ltd,Kg,,
ING002035,Cheese Emmenthal Grated 1kg,FRESH,Foodspeed Ltd,Kg,,
ING002476,Milk Cashew Rude Health 1L x 6ea,FRESH,Foodspeed Ltd,Ltr,,
ING002482,Cream Single 1 x 2.27Ltr,FRESH,Foodspeed Ltd,Ltr,,
ING000134,Cheese Cheddar Mature Slice Full Fat 20gm kg,FRESH,Foodspeed Ltd,Kg,,
ING001064,Cheese Mozzarella Grated 2kg,FRESH,Foodspeed Ltd,Kg,,
ING001476,Margarine Vegetable KTC (2KG/Tub),FRESH,Foodspeed Ltd,Kg,,
ING000965,Yoghurt Natural Set 5kg,FRESH,Foodspeed Ltd,Kg,,
ING000174,Egg Whole Pasteurised  1kg / 10kg,FRESH,Foodspeed Ltd,,,
ING000125,Cream Single 2.27Ltr,FRESH,Foodspeed Ltd,,,
ING000128,Milk Whole,FRESH,Foodspeed Ltd,,,
ING000131,Yoghurt Greek Style Croxton 5KG,FRESH,Foodspeed Ltd,,,
ING000535,Butter Unsalted 40x250gm,FRESH,Foodspeed Ltd,Kg,,
ING002223,Milk Whole Pergal 13.6Ltr,FRESH,Foodspeed Ltd,Kg,,
ING002474,Mediterranean Chargrilled Vegetable 25mm,FROZEN,Freshcut Foods,Kg,,
ING000865,Bean Kidney Red 6 x 2.5kg,AMBIENT,Gandhi Oriental foods,Kg,,
ING002450,Milk Coconut 20kg,AMBIENT,Gandhi Oriental foods,Kg,,
ING002688,coconut milk Chaokoh 49 c/s,AMBIENT,Gandhi Oriental foods,,,
ING000212,Golden Raisins Sultanas 12.5 kg,AMBIENT,Gandhi Oriental foods,Kg,,
ING001326,Seeds Melon 5kg,AMBIENT,Gandhi Oriental foods,Kg,,
ING000991,Lentil Puy Green Speckled KTC 4x2kg,AMBIENT,Gandhi Oriental foods,Kg,,
ING001945,Chick Pea Tinned 6x2.6KG,AMBIENT,Gandhi Oriental foods,Kg,,
ING000070,Bean Black Eye Tin Riverdene 800gm,AMBIENT,Gandhi Oriental foods,Kg,,
ING000268,Cornflour 3.5kg,AMBIENT,Gandhi Oriental foods,Kg,,
ING000299,Lentil Red Masoor Dall Split,AMBIENT,Gandhi Oriental foods,Kg,,
ING001292,Rice Jasmine 20kg,AMBIENT,Gandhi Oriental foods,Kg,,
ING001248,Vermicelli Roasted (Poly) (48x150GM),AMBIENT,Gandhi Oriental foods,Kg,,
ING000915,Wheat Bulgar Brown Cracked 8 x 900gm,AMBIENT,Gandhi Oriental foods,Kg,,
ING001329,Semolina Yellow Coarse,AMBIENT,Gandhi Oriental foods,Kg,,
ING002765,Paste Tomato W/W 4 X 4.55 Kg 60 c/s,AMBIENT,Gandhi Oriental foods,,,
ING002740,Chopped Tomatoes GOF 10kg 104 c/s,AMBIENT,Gandhi Oriental foods,,,
ING000250,Tomato Chopped Tinned 6 x 2.55kg,AMBIENT,Gandhi Oriental foods,Kg,,
ING002405,Rice Basmati Sella 20kg Tilda,AMBIENT,Gandhi Oriental foods,Kg,,
ING000318,Lettuce Iceberg 300gm (C/s 12 Each),FRESH,Gradegold Catering,Kg,,
ING000378,Lemon (1ea/100GM),FRESH,Gradegold Catering,Kg,,
ING000385,Parsley Flat Leaf Fresh (1kg pack),FRESH,Gradegold Catering,Kg,,
ING000944,Tomato MM (6KG),FRESH,Gradegold Catering,Kg,,
ING001139,Kafir Lime Leaf (50GM),FRESH,Gradegold Catering,Kg,,
ING000030,Cucumber Diced 20MM 1KG,FRESH,Gradegold Catering,Kg,,
ING000080,Celery Diced 10mm 1KG,FRESH,Gradegold Catering,Kg,,
ING000170,Pepper Red Julienne 2MM,FRESH,Gradegold Catering,Kg,,
ING000381,Basil (1x100GR),FRESH,Gradegold Catering,Kg,,
ING000390,Potato Diced 20mm 1KG,FRESH,Gradegold Catering,Kg,,
ING000394,Leek Sliced 5mm kg,FRESH,Gradegold Catering,Kg,,
ING000401,Chilli Red,FRESH,Gradegold Catering,Kg,,
ING000412,Spring Onion (90g 1each),FRESH,Gradegold Catering,Kg,,
ING000415,Tomato Cherry Red Loose 3kg,FRESH,Gradegold Catering,Kg,,
ING000418,Mint Fresh Kg,FRESH,Gradegold Catering,Kg,,
ING000430,Mushroom Button (3KG),FRESH,Gradegold Catering,Kg,,
ING000438,Butternut Squash Diced 20mm,FRESH,Gradegold Catering,Kg,,
ING000444,Lemon Grass Bunch,FRESH,Gradegold Catering,Kg,,
ING000445,Orange Zest kg,FRESH,Gradegold Catering,Kg,,
ING000449,Mushroom Wild Mix kg,FRESH,Gradegold Catering,Kg,,
ING000455,Spinach Baby Leaf 1kg,FRESH,Gradegold Catering,Kg,,
ING000460,Pepper Red Diced 10mm 1KG,FRESH,Gradegold Catering,Kg,,
ING000471,Potato Sweet Diced 20mm 1KG,FRESH,Gradegold Catering,Kg,,
ING000490,Carrot Julienne 2mm x 50mm kg,FRESH,Gradegold Catering,Kg,,
ING000506,Tarragon 100gm,FRESH,Gradegold Catering,Kg,,
ING000546,Onion Red Fine Diced 5mm kg,FRESH,Gradegold Catering,Kg,,
ING000670,Pepper Green Julienne 2mm 1KG,FRESH,Gradegold Catering,Kg,,
ING000676,Cabbage White Fine Sliced 1kg,FRESH,Gradegold Catering,Kg,,
ING000809,Potato Diced 10mm 1KG,FRESH,Gradegold Catering,Kg,,
ING000876,Samphire Fresh,FRESH,Gradegold Catering,Kg,,
ING001036,Onion Red Sliced 2-3mm 1kg,FRESH,Gradegold Catering,Kg,,
ING001056,Potato Fondant 80gm Each,FRESH,Gradegold Catering,Kg,,
ING001093,Pepper Green Diced 30mm 1KG,FRESH,Gradegold Catering,Kg,,
ING001096,Cauliflower Floret 10gm 1kg,FRESH,Gradegold Catering,Kg,,
ING001126,Potato Jacket 80 Each 15kg,FRESH,Gradegold Catering,Kg,,
ING001136,Cucumber Diced Deseeded 10mm 1KG,FRESH,Gradegold Catering,Kg,,
ING001222,Carrot Diced 5mm 1kg,FRESH,Gradegold Catering,Kg,,
ING001229,Cabbage Red Shredded 2-3mm kg,FRESH,Gradegold Catering,Kg,,
ING001256,Broccoli Floret 10-15gm FC,FRESH,Gradegold Catering,Kg,,
ING001259,Pepper Yellow Diced 10mm 1KG,FRESH,Gradegold Catering,Kg,,
ING001311,Pepper Red Diced 20mm 1KG,FRESH,Gradegold Catering,Kg,,
ING001312,Onion Red Diced 20mm kg,FRESH,Gradegold Catering,Kg,,
ING001325,Garlic Fine Chopped  2mm,FRESH,Gradegold Catering,Kg,,
ING001344,Onion Red Diced 10MM (1KG),FRESH,Gradegold Catering,Kg,,
ING001358,Coriander Chopped 1kg,FRESH,Gradegold Catering,Kg,,
ING001374,Courgette Green Diced 20mm kg,FRESH,Gradegold Catering,Kg,,
ING001402,Cucumber Slice 10gm 1KG,FRESH,Gradegold Catering,Kg,,
ING001406,Aubergine Diced 20mm,FRESH,Gradegold Catering,Kg,,
ING001446,Brussel Sprouts Prepared kg,FRESH,Gradegold Catering,Kg,,
ING001454,Mushroom Button Cut 1/4 (1KG),FRESH,Gradegold Catering,Kg,,
ING001458,Pepper Red Diced 30mm 1KG,FRESH,Gradegold Catering,Kg,,
ING001485,Ginger Julienne kg,FRESH,Gradegold Catering,Kg,,
ING001504,Courgette Diced 10mm 1KG,FRESH,Gradegold Catering,Kg,,
ING001507,Pepper Green Diced 10mm 1KG,FRESH,Gradegold Catering,Kg,,
ING001518,Coriander Fresh kg,FRESH,Gradegold Catering,Kg,,
ING001578,Tomato Diced Deseeded 5-8mm 1KG,FRESH,Gradegold Catering,Kg,,
ING001706,Onion White Sliced 2 - 4 mm,FRESH,Gradegold Catering,Kg,,
ING001753,Chilli Red Chopped 2mm kg,FRESH,Gradegold Catering,Kg,,
ING001756,Spinach Washed 3KG,FRESH,Gradegold Catering,Kg,,
ING001815,Onion Diced 20mm kg,FRESH,Gradegold Catering,Kg,,
ING001832,Mushroom Button Sliced 2mm,FRESH,Gradegold Catering,Kg,,
ING001833,Celery Diced 10mm,FRESH,Gradegold Catering,Kg,,
ING001913,Spring Onion Chopped 2mm-5mm,FRESH,Gradegold Catering,Kg,,
ING001981,Pumpkin Diced 20mm,FRESH,Gradegold Catering,Kg,,
ING001989,Chilli Red Roundel 5mm slice,FRESH,Gradegold Catering,Kg,,
ING002009,Carrot Baton 5mm x 30mm kg,FRESH,Gradegold Catering,Kg,,
ING002023,Cabbage Kale Shredded 5mm,FRESH,Gradegold Catering,Kg,,
ING002046,Potato New 1/4's kg,FRESH,Gradegold Catering,Kg,,
ING002047,Stir Fry Vegetable Mix,FRESH,Gradegold Catering,Kg,,
ING002125,Juice Lime Freshly Squeezed Ltr,FRESH,Gradegold Catering,Ltr,,
ING002142,Mushroom Chesnut Slice 2-3mm kg,FRESH,Gradegold Catering,Kg,,
ING002183,Shallot Banana Sliced kg,FRESH,Gradegold Catering,Kg,,
ING002215,Parsnip Chunk 30-35mm kg,FRESH,Gradegold Catering,Kg,,
ING002216,Carrot Chunks 30-35mm kg,FRESH,Gradegold Catering,Kg,,
ING002224,Aubergine Slice Round 4mm,FRESH,Gradegold Catering,Kg,,
ING002226,Potato Sweet Whole Peeled 1kg,FRESH,Gradegold Catering,Kg,,
ING002240,Parsnip Diced 20mm kg,FRESH,Gradegold Catering,Kg,,
ING002319,Courgette Diced 10-15mm kg,FRESH,Gradegold Catering,Kg,,
ING002320,Mushroom Chesnut Fine Diced 2-3mm kg,FRESH,Gradegold Catering,Kg,,
ING002408,Cabbage Kale Shredded 5-10mm No Stalks kg,FRESH,Gradegold Catering,Kg,,
ING002460,Celery Fine Chopped 2-3mm kg,FRESH,Gradegold Catering,Kg,,
ING002467,Tomato Cherry Red Halved kg,FRESH,Gradegold Catering,Kg,,
ING002468,Tomato Cherry Yellow Halved kg,FRESH,Gradegold Catering,Kg,,
ING002469,Courgette Green Baby Halved Lengthways kg,FRESH,Gradegold Catering,Kg,,
ING002493,Puree Garlic Fresh,FRESH,Gradegold Catering,Ltr,,
ING002494,Puree Ginger Fresh,FRESH,Gradegold Catering,Ltr,,
ING002499,Juice Orange Freshly Squeezed Ltr,FRESH,Gradegold Catering,Ltr,,
ING002512,Onion White Diced 10mm kg,FRESH,Gradegold Catering,Kg,,
ING002514,Carrot sliced Halfmoon 2-3mm,FRESH,Gradegold Catering,Kg,,
ING002515,Mooli Sliced 1/4's 2-3mm,FRESH,Gradegold Catering,Kg,,
ING002516,Chilli Green Indian Chopped,FRESH,Gradegold Catering,Kg,,
ING002543,Pepper Red Baton 5mm x 30mm kg,FRESH,Gradegold Catering,Kg,,
ING002592,Swede Chunks 40-50mm kg,FRESH,Gradegold Catering,Kg,,
ING002593,Potato Peeled 1/8s kg,FRESH,Gradegold Catering,Kg,,
ING002626,Brussel Sprouts Halved kg,FRESH,Gradegold Catering,Kg,,
ING000382,Chives Fresh (100GM Bun),FRESH,Gradegold Catering,Kg,,
ING000435,Potato New 10KG,FRESH,Gradegold Catering,Kg,,
ING000439,Lettuce Lollo Rosso 300GM /ea,FRESH,Gradegold Catering,Kg,,
ING000456,Potato Peeled Large 1KG,FRESH,Gradegold Catering,Kg,,
ING000853,Potato Desiree Peeled & Diced 20mm,FRESH,Gradegold Catering,Kg,,
ING001137,Onion Spring Sliced 5mm 1kg,FRESH,Gradegold Catering,Kg,,
ING001231,Chilli Red Julienne 2mm 1kg,FRESH,Gradegold Catering,Kg,,
ING001407,Pepper Red Baton 10mm IQF1kg,FRESH,Gradegold Catering,Kg,,
ING001423,Onions Selected Koshari 1KG,FRESH,Gradegold Catering,Kg,,
ING001457,Pepper Green Diced 20mm 1KG,FRESH,Gradegold Catering,Kg,,
ING001496,Potato Peeled Diced 30mm chunk,FRESH,Gradegold Catering,Kg,,
ING001500,Carrot Batons 10mm x 50mm 1KG,FRESH,Gradegold Catering,Kg,,
ING001726,Pepper Green Baton 5mm Thick x 6cm Long,FRESH,Gradegold Catering,Kg,,
ING001727,Pepper Red Baton 5mm thick x 6cm Long,FRESH,Gradegold Catering,Kg,,
ING001737,Celery Diced 20MM,FRESH,Gradegold Catering,Kg,,
ING001757,Lettuce Iceberg Sliced 12MM 6KG,FRESH,Gradegold Catering,Kg,,
ING001776,Carrot Diced 20mm,FRESH,Gradegold Catering,Kg,,
ING001806,Leek Sliced Roundel 5mm,FRESH,Gradegold Catering,Kg,,
ING002350,Mushroom Chesnut Brown 1/4's,FRESH,Gradegold Catering,Kg,,
ING002242,Butternut Squash Diced 10mm kg,FRESH,Gradegold Catering,Kg,,
ING002535,Cauliflower Florets 30-40mm FC,FRESH,Gradegold Catering,Kg,,
ING002663,Carrot Fine Minced 2mm,FRESH,Gradegold Catering,Kg,,
ING000404,Cucumber Whole (12 Each),FRESH,Gradegold Catering,Kg,,
ING000411,Onion Red 1kg,FRESH,Gradegold Catering,Kg,,
ING001766,Cabbage Savoy Shredded 5MM,FRESH,Gradegold Catering,Kg,,
ING001528,Baby Corn (1KG),FRESH,Gradegold Catering,,,
ING001782,Celeriac Rough Cut Diced 25-30MM,FRESH,Gradegold Catering,,,
ING000153,Dill (Bunch 100GM),FRESH,Gradegold Catering,,,
ING001780,Parsnip Diced 5MM,FRESH,Gradegold Catering,,,
ING000213,Grapes Red Seedless (4.5KG),FRESH,Gradegold Catering,kg,,
ING001741,Melon Honeydew Diced 15-20mm,FRESH,Gradegold Catering,,,
ING001742,Melon Cantaloupe Diced 15-20mm,FRESH,Gradegold Catering,,,
ING002672,Wild Garlic leaves chopped 40mm,FRESH,Gradegold Catering,,,
ING002675,"Large whole fresh portabello , 110-130g (8-10CM dia)",FRESH,Gradegold Catering,,,
ING002679,Vine Ripped Tomatoes,FRESH,Gradegold Catering,,,
ING001217,"Apple Red Diced 20 mm (HC), 1Kg",FRESH,Gradegold Catering,,,
ING002445,Courgette Sliced 12-15gm 5-7mm Thick kg,FRESH,Gradegold Catering,,,
ING002706,Aubergiene Diced 10mm,FRESH,Gradegold Catering,,,
ING002667,Lemon Verbena Leaves,FRESH,Gradegold Catering,,,
ING000820,Passion Fruit (1EA),FRESH,Gradegold Catering,,,
ING000110,Curry Leaves Fresh 80GM,FRESH,Gradegold Catering,,,
ING000369,Onion Fine Chopped 2-3mm 1KG,FRESH,Gradegold Catering,,,
ING000463,Pepper Yellow Julienne 2mm 1KG,FRESH,Gradegold Catering,,,
ING002670,Mushroom Flat 1/6's,FRESH,Gradegold Catering,,,
ING000379,Orange Medium 15kg 88s,FRESH,Gradegold Catering,,,
ING000402,Courgette Green 5KG,FRESH,Gradegold Catering,,,
ING000420,Apple Granny Smith (13KG),FRESH,Gradegold Catering,,,
ING000421,BROCCOLI (1x 6kg),FRESH,Gradegold Catering,,,
ING001356,Grapes Green Seedless (1KG),FRESH,Gradegold Catering,,,
ING000413,Pepper Red Whole 1KG,FRESH,Gradegold Catering,,,
ING000436,Strawberry English (250GM),FRESH,Gradegold Catering,,,
ING000464,Pineapple Diced 20MM 10GM (1KG),FRESH,Gradegold Catering,,,
ING000811,Carrot whole peeled (1x1000GR),FRESH,Gradegold Catering,,,
ING001023,Apple Braeburn  (18kg),FRESH,Gradegold Catering,,,
ING001211,Banana Unripened Green (18KG),FRESH,Gradegold Catering,,,
ING001216,Melon Honeydew Diced 20mm/10gm 1KG,FRESH,Gradegold Catering,,,
ING001309,Orange Segments 10gm,FRESH,Gradegold Catering,,,
ING001321,Ginger Fine Chopped  2mm 1KG,FRESH,Gradegold Catering,,,
ING001501,Celery Baton 10mm x 50mm 1KG,FRESH,Gradegold Catering,,,
ING001505,Potato New Halves Skin On 1kg,FRESH,Gradegold Catering,,,
ING001520,Mushroom Button Halved 1kg,FRESH,Gradegold Catering,,,
ING001949,Green Bean Baton 40mm,FRESH,Gradegold Catering,,,
ING001976,Potato Fondant 80gm vaa Each,FRESH,Gradegold Catering,,,
ING000844,Radish (1x300GR),FRESH,Gradegold Catering,,,
ING002448,Apple Green Diced 10mm kg,AMBIENT,Gradegold Catering,,,
ING002577,Potato Grated,AMBIENT,Gradegold Catering,,,
ING000813,Shallots Sliced (1x1000GR),FRESH,Gradegold Catering,,,
ING002606,Tomato Plum Chopped 10mm kg,FRESH,Gradegold Catering,,,
ING001427,Celery Diced 15mm 1KG,FRESH,Gradegold Catering,,,
ING001559,"Onion White Diced 10mm, 1kg",FRESH,Gradegold Catering,,,
ING002218,Potato Sweet Diced 20mm IQF kg,FRESH,Gradegold Catering,Kg,,
ING002432,Onion Diced 20mm IQF,FRESH,Gradegold Catering,Kg,,
ING002501,Oil Olive Extra Virgin Dell'ami,Ambient,h&b,,,
ING002368,Cheese Vegtarian Hard Grated kg,FRESH,H&B Foods Limited,,,
ING002624,Cheese Caerphilly Grated kg,FRESH,H&B Foods Limited,Kg,,
ING000130,Cheese Cheddar Segment Croxton Manor Minis 20g x 200,AMBIENT,H&B Foods Limited,Kg,,
ING000254,Capers Lilliput in Brine 700gm,FRESH,H&B Foods Limited,Kg,,
ING001564,Cheese Ricotta 1.5kg,FRESH,H&B Foods Limited,Kg,,
ING002034,Cheese Cheddar Red Grated 2kg,FRESH,H&B Foods Limited,Kg,,
ING000133,Cheese Cheddar Mild Grated 2kg,FRESH,H&B Foods Limited,Kg,,
ING000143,Cheese Cream Philadelphia 10kg,FRESH,H&B Foods Limited,Kg,,
ING000146,Cheese Vegetarian Italian Hard Grated 1kg,FRESH,H&B Foods Limited,Kg,,
ING000236,Pesto Green Nut Free 1kg,FRESH,H&B Foods Limited,Kg,,
ING000473,Tomato Semi Dried (Sundried)  Dell'Ami 1.15kg,FRESH,H&B Foods Limited,Kg,,
ING001262,Cheese Red Leicester Grated 2kg,FRESH,H&B Foods Limited,Kg,,
ING000018,"Oil Olive Extra Virgin 5ltr, Dellami",DRY,H&B Foods Limited,Kg,,
ING000084,Cheese Feta Greek Block 900gm,FRESH,H&B Foods Limited,Kg,,
ING002056,Marmalade Red Onion Comfy 1kg,FRESH,H&B Foods Limited ,Kg,,
ING002636,Chicken Kofta Balls 22-24gm ea (1c/s 300ea),FROZEN,Haloodies,Each,,
ING000063,Beef Mince Halal 1kg,MEAT,Haloodies,Kg,,
ING000793,Lamb Mince Halal UK RK kg,MEAT,Haloodies,Kg,,
ING001605,Chicken Thigh Diced 15-20mm Halal 1KG,MEAT,Haloodies,Kg,,
ING000339,Chicken Thigh Diced 20mm Halal UK RT,MEAT,Haloodies,Kg,,
ING000062,Beef Mince 90% VL Halal UK RT,MEAT,Haloodies,Kg,,
ING000089,Chicken Breast Diced 15-20MM Halal UK RT,MEAT,Haloodies,Kg,,
ING000341,Chicken Breast Ungraded no Inner Halal UK RT,MEAT,Haloodies,Kg,,
ING001063,Chicken Mince Halal 1KG,MEAT,Haloodies,Kg,,
ING001456,Chicken Breast Diced 15-20gm Halal UK RT,MEAT,Haloodies,Kg,,
ING002123,Chicken Breast Diced 15-20mm VAA,MEAT,Haloodies,Kg,,
ING001121,Chicken Breast Diced 20mm 1KG,MEAT,Haloodies,,,
ING002349,Chicken Thigh Diced 15-20mm VAA,FRESH,Haloodies,Kg,,
ING002625,Turkey Ballontine Cranberry and Orange Stuffing kg,MEAT,IMS ,Kg,,
ING002419,Lamb Shoulder Diced 25mm Pasture Grazed,MEAT,IMS Of Smithfield Ltd,Kg,,
ING002488,Paste Tomato Balah or Tropical Brand,AMBIENT,Indigo Food Service Limitied,Kg,,
ING002471,Salmon Fillet Skinless Pinned and Boned 120gm ea,FRESH,JCS,Each,,
PACK000438,Chicken Cacciatore with Sweet Potato Mash Sleeve MC,PACK,Jump Design and Print Limited,Each,,
PACK000440,Chipotle Chicken with Charred Corn & Brown Rice Sleeve MC,PACK,Jump Design and Print Limited,Each,,
PACK000441,Spicy Panang Chicken Curry and Black Rice Sleeve MC,PACK,Jump Design and Print Limited,Each,,
PACK000442,Thai Green Chicken Curry with Black Rice Sleeve MC,PACK,Jump Design and Print Limited,Each,,
PACK000453,Lamb Shepherds Pie ith Chunky Sweet Potato Mash Sleeve MC,PACK,Jump Design and Print Limited,Each,,
PACK000454,Italian Style Beef Lasagne Sleeve MC,PACK,Jump Design and Print Limited,Each,,
PACK000455,Lamb Tagine Sleeve MC,PACK,Jump Design and Print Limited,Each,,
PACK000468,Fish Pie Sleeve MC,PACK,Jump Design and Print Limited,Each,,
PACK000470,Sweet and Sour Tofu Sleeve MC,PACK,Jump Design and Print Limited,Each,,
PACK000471,Thai Yellow Tofu Curry Sleeve MC,PACK,Jump Design and Print Limited,Each,,
PACK000472,Keralan Fish Curry with Black Rice & Coconut Beans Sleeve MC,PACK,Jump Design and Print Limited,Each,,
PACK000473,Middle Eastern Chicken Roasted Veg and Quinoa Sleeve MC,PACK,Jump Design and Print Limited,Each,,
PACK000474,Cashew Carbonara with Smk Tofu and Pesto Broccoli Sleeve MC,PACK,Jump Design and Print Limited,Each,,
PACK000475,2P Chipotle Chicken with Charred Corn & Brown Rice Sleeve MC,PACK,Jump Design and Print Limited,Each,,
PACK000476,2P Thai Green Chicken Curry with Black Rice Sleeve MC,PACK,Jump Design and Print Limited,Each,,
PACK000477,2P Chicken Tikka Masala with Brown Rice Sleeve MC,PACK,Jump Design and Print Limited,Each,,
PACK000478,2P Fish Pie Sleeve MC,PACK,Jump Design and Print Limited,Each,,
PACK000479,2P Lamb Shepherds Pie with Rustic Sweet Pot Mash Sleeve MC,PACK,Jump Design and Print Limited,Each,,
PACK000480,2P Sweet and Sour Tofu Sleeve MC,PACK,Jump Design and Print Limited,Each,,
PACK000481,Pesto Salmon Sleeve MC,PACK,Jump Design and Print Limited,Each,,
PACK000494,Teriyaki Salmon with Pickle & Steam Veg Sleeve MC,PACK,Jump Design and Print Limited,Each,,
PACK000496,Mexican Barbacoa Style Beef Sleeve MC,PACK,Jump Design and Print Limited,Each,,
PACK000497,Veggie Lasagne Sleeve MC,PACK,Jump Design and Print Limited,Each,,
PACK000498,Cashew Satay Chicken with Black Rice Sleeve MC,PACK,Jump Design and Print Limited,Each,,
ING001333,Rose Water 12x450ml KTC,AMBIENT,KTC,Ltr,,
ING000515,Cannelloni Spiach & Ricotta Frozen (1x3KG),FROZEN,LA TUA PASTA,Kg,,
ING002042,Pasta Tortellini Pumpkin 3 kg,FROZEN,LA TUA PASTA,Kg,,
ING002195,Ravioli Pumpkin & Sage/ Durum Wheat Pasta Frozen 3Kg,FROZEN,LA TUA PASTA,Kg,,
ING001318,Ravioli Mixed Vegetables 3kg,AMBIENT,LA TUA PASTA,,,
ING001957,Rice Black 25kg,AMBIENT,Leathams Plc,Kg,,
ING002060,Quinoa White 25kg,AMBIENT,Leathams Plc,Kg,,
ING002131,Rice Red 25kg,AMBIENT,Leathams Plc,Kg,,
ING002406,Tomato Sundried no Oil MGC Pet Jar kg,FRESH,Leathams Plc,Kg,,
ING000253,Seed Sesame White (1x1000GR),AMBIENT,Lebanos Food Trading Ltd,Kg,,
ING001926,Pasta Rigatoni 1x12kg,AMBIENT,Lupa Foods Ltd (Donatantonio),Kg,,
ING002033,Pasta Conchiglie Shell 5kg,AMBIENT,Lupa Foods Ltd (Donatantonio),Kg,,
ING002348,Beans Black in water 6 x 2.62,AMBIENT,Lupa Foods Ltd (Donatantonio),Kg,,
ING000242,Juice Lemon Sicilian 20kg,AMBIENT,Lupa Foods Ltd (Donatantonio),Ltr,,
ING002483,Vinegar Red Wine 25Ltr,AMBIENT,Lupa Foods Ltd (Donatantonio),Ltr,,
PACK000012,Label  Multipurpose WHITE VAA Outer 105mmx148mm 400Ea,PACK,Lyreco UK Ltd,Each,,
ING002395,Bouillion Chicken Vegan Stock Powder 4kg,AMBIENT,Major International Ltd,Kg,,
ING001807,Cauldron Vegan Sausage 8 x 300g,MEAT,Marlow Foods Limited,Kg,,
ING000012,Beef Chuck Diced 15-20mm Halal 1KG,MEAT,Middlesex Meat Co.,Kg,,
ING000326,Beef Chuck Diced 15-20mm Halal UK RT,MEAT,Middlesex Meat Co.,Kg,,
ING002553,Beef Chuck Diced 10mm BRITISH kg,MEAT,Middlesex Meat Co.,Kg,,
ING000469,Sausage Pork & Parsley 16pcs=1kg 2.57kg,FROZEN,Middlesex Meat Co.,Kg,,
ING000344,Chorizo Diced 10mm,MEAT,Middlesex Meat Co.,Kg,,
ING001936,Black Pudding 1.36 kg Each,MEAT,Middlesex Meat Co.,Kg,,
ING000920,Pork Mince 90%VL,MEAT,Middlesex Meat Co.,Kg,,
ING001447,"Pigs in Blankets,1EA (50 Cs)",MEAT,Middlesex Meat Co.,Each,,
ING001803,Bacon Back Rindless Smoked,MEAT,Middlesex Meat Co.,Kg,,
ING001697,Chicken Roast Slice 25gm 500gm Each,MEAT,Middlesex Meat Co.,,,
ING001239,"Sausage Cumberland 8' s (48), 2.7kg",MEAT,Middlesex Meat Co.,Kg,,
ING000093,Chicken sausages 48ea,FROZEN,Middlesex Meat Co.,,,
ING002075,Chicken Breast Pieces 70gm-80gm Halal,AMBIENT,Middlesex Meat Co.,,,
ING002700,Pork Old Victorian sausage 6’s (2.70kg) 36 c/s,AMBIENT,Middlesex Meat Co.,,,
ING002701,Cumberland 6s (2.70 kg) 36 c/s,AMBIENT,Middlesex Meat Co.,,,
ING000222,Water,,none,,,
ING001103,Croissant Eggless 45gm,FROZEN,norac,Each,,
ING002428,Croissant Eggless 65gm,FROZEN,norac,Each,,
ING001740,Croissant in Oven Bag (OB) x 6ea,AMBIENT,norac,,,
ING002327,Chicken Fillet Diced 15-20mm UK Free Range,FRESH,Norfolk,Kg,,
PACK000082,350415 - Virgin frozen breakfast aluminium foils,PACK,Novelis Deutschland GmbH,Case,,
PACK000083,350409 - Virgin frozen breakfast aluminium lids,PACK,Novelis Deutschland GmbH,Case,,
ING002466,Cod Diced 35-40mm kg 16kg c/s,FRESH,Ocean Fish,Kg,,
ING002418,Fish Pie Mix Cod/Coley/Salmon MC 16kg,FROZEN,Ocean Fish,Kg,,
ING001445,"Roast Onion Stock Base, Major",Ambient,online,,,
ING000026,Coriander Chopped 15mm IQF,FROZEN,Pacific Seafood Ltd,Kg,,
ING000162,Onion Diced 10mm  FRZ,FROZEN,Pacific Seafood Ltd,Kg,,
ING000202,Spinach Chopped FRZ,FROZEN,Pacific Seafood Ltd,Kg,,
ING000221,Rosemary Fine FZN,FROZEN,Pacific Seafood Ltd,Kg,,
ING000671,Leeks Diced 6mm IQF,FROZEN,Pacific Seafood Ltd,Kg,,
ING000696,Chives Chopped IQF,FROZEN,Pacific Seafood Ltd,Kg,,
ING000757,Oregano FRZ KG,FROZEN,Pacific Seafood Ltd,Kg,,
ING000963,Sweetcorn FRZ 1kg,FROZEN,Pacific Seafood Ltd,Kg,,
ING001077,Parsley 3mm FZN,FROZEN,Pacific Seafood Ltd,Kg,,
ING001127,Basil Chopped IQF 1kg,FROZEN,Pacific Seafood Ltd,Kg,,
ING001442,Pepper Red Diced 10mm FRZ,FROZEN,Pacific Seafood Ltd,Kg,,
ING001461,Mint 3mm FRZ1kg,FROZEN,Pacific Seafood Ltd,Kg,,
ING001530,Pepper Red Diced 20-25 mm IQF,FROZEN,Pacific Seafood Ltd,Kg,,
ing001762,Beans Green Cut 10-15mm FRZ 10kg,FROZEN,Pacific Seafood Ltd,Kg,,
ING001775,Onion Sliced White 5-7mm FRZ,FROZEN,Pacific Seafood Ltd,Kg,,
ING001896,Bean Green Half Baton 25mm FRZ,FROZEN,Pacific Seafood Ltd,Kg,,
ING001898,Cauliflower Florets 20/40 FRZ,FROZEN,Pacific Seafood Ltd,Kg,,
ING002040,Spinach Leaf Portions 10/20 IQF 10kg,FROZEN,Pacific Seafood Ltd,Kg,,
ING002081,Spring Onion Sliced 4mm IQF,FROZEN,Pacific Seafood Ltd,Kg,,
ING002397,Pepper Yellow Diced 20mm IQF 10kg,FROZEN,Pacific Seafood Ltd,Kg,,
ING002409,Sweetcorn Baby Cut 15-40mm IQF 10kg,FROZEN,Pacific Seafood Ltd,Kg,,
ING002545,Bamboo Shoots IQF 10 kg,FROZEN,Pacific Seafood Ltd,Kg,,
ING002098,Tomato Chopped 14mm 20kg,AMBIENT,Pacific Seafood Ltd,Kg,,
ING002339,Mushroom Sliced IQF,FROZEN,Pacific Seafood Ltd,Kg,,
ING001478,Karela (Bitter Gourd) Sliced 12x315gm,FROZEN,Pacific Seafood Ltd,Kg,,
ING000636,Rice Basmati Golden Sella Veetee 20kg,AMBIENT,Gandhi Oriental foods,Kg,,
ING000163,Parsley Flat 3MM FRZ 1KG DO NOT USE,FROZEN,Pacific Seafood Ltd,Kg,,
ING002036,Pepper Green Sliced FRZ,FROZEN,Pacific Seafood Ltd,Kg,,
ING002065,Broccoli Floret 20/40mm FRZ kg,FROZEN,Pacific Seafood Ltd,Kg,,
ING000461,Pepper Yellow Diced 10MM IQF (1x1KG),FROZEN,Pacific Seafood Ltd,Kg,,
ING002664,Salmon filet whole skin off pin boned,FROZEN,Pacific Seafood Ltd,,,
ING002041,Prawn King 21/25 brand RPD CUTDeveined  IQF,FROZEN,Pacific Seafood Ltd,,,
ING001705,Bread K Roll Eggless Fresh A I 100 x 40gm,FROZEN,Panificio Italiano,Each,,
ING001682,Bread Herb Roll Eggless 40gm,FROZEN,Panificio Italiano,Each,,
ING000237,Seeds Coriander 3x5kg,AMBIENT,Gandhi Oriental foods,Kg,,
ING000238,Spice Cumin Ground 10x1kg,AMBIENT,Gandhi Oriental foods,Kg,,
ING000240,Spice Star Aniseed Whole 1kg,AMBIENT,Gandhi Oriental foods,Kg,,
ING000241,Spice Cloves Whole 10x1kg,AMBIENT,Gandhi Oriental foods,Kg,,
ING000264,Coconut Dessicated 3x5kg,AMBIENT,PK Trading Ltd,Kg,,
ING000288,Spice Cardamom Ground 10x1kg,AMBIENT,Gandhi Oriental foods,Kg,,
ING000290,Spice Cinnamon Dalchini Sticks 10x1kg,AMBIENT,Gandhi Oriental foods,Kg,,
ING000293,Herb Mixed Dried,AMBIENT,PK Trading Ltd,Kg,,
ING000497,Spice Chilli Kashmiri Whole 3 x 5kg,AMBIENT,Gandhi Oriental foods,Kg,,
ING000498,Spice Chilli Powder 3x5kg,AMBIENT,Gandhi Oriental foods,Kg,,
ING000593,Spice Fennel Powder 1kg,AMBIENT,Gandhi Oriental foods,Kg,,
ING000705,Spice Garam Masala 3x5kg,AMBIENT,Gandhi Oriental foods,Kg,,
ING000723,Spice Coriander Ground 3x5kg,AMBIENT,Gandhi Oriental foods,Kg,,
ING000749,Spice Cumin Whole 6 x1 kg,AMBIENT,Gandhi Oriental foods,Kg,,
ING000755,Seeds Mustard Black 3x5kg,AMBIENT,Gandhi Oriental foods,Kg,,
ING000758,Spice Paprika Ground Spanish 10x1kg,AMBIENT,PK Trading Ltd,Kg,,
ING000759,Spice Pepper Black Cracked 12 Mesh 10 x 1kg,AMBIENT,PK Trading Ltd,Kg,,
ING000760,Spice Pepper Black Ground 10 x 1kg,AMBIENT,PK Trading Ltd,Kg,,
ING000761,Spice Pepper White Ground 10 x 1kg,AMBIENT,PK Trading Ltd,Kg,,
ING000767,Spice Cardamom Green Whole 5kg,AMBIENT,PK Trading Ltd,Kg,,
ING000887,Spice Asafoetida 1kg,AMBIENT,PK Trading Ltd,Kg,,
ING000962,Spice Cloves Ground 10x1kg,AMBIENT,PK Trading Ltd,Kg,,
ING000964,Spice Chilli Powder Kashmiri 3x5kg,AMBIENT,Gandhi Oriental foods,Kg,,
ING000985,Seeds Onion Black  1x10kg,AMBIENT,PK Trading Ltd,Kg,,
ING000986,Spice Cinnamon Ground 10x1kg,AMBIENT,Gandhi Oriental foods,Kg,,
ING001300,Chilli Red Flakes 2-3mm 10 x 1KG,AMBIENT,PK Trading Ltd,Kg,,
ING001302,Seeds Fennel 10x1kg,AMBIENT,PK Trading Ltd,Kg,,
ING001327,Spice Mace Ground,AMBIENT,PK Trading Ltd,Kg,,
ING001341,Spice Pepper Black Whole 10 x 1kg,AMBIENT,PK Trading Ltd,Kg,,
ING001519,Spice Ginger Ground 1kg,AMBIENT,PK Trading Ltd,Kg,,
ING001843,Spice Curry Leaves Dry 2.5kg,AMBIENT,PK Trading Ltd,Kg,,
ING001959,Spice Turmeric Ground 3x5kg,AMBIENT,Gandhi Oriental foods,Kg,,
ING002129,Herb Oregano Dried KG,AMBIENT,PK Trading Ltd,Kg,,
ING002379,Spice Aromat Seasoning Powder SYMEGA,AMBIENT,PK Trading Ltd,Kg,,
ING002410,Spice Tikka Masala Blend 10kg,AMBIENT,PK Trading Ltd,Kg,,
ING000888,Spice Curry Powder Mild,AMBIENT,Gandhi Oriental foods,Kg,,
ING001275,Spice Nutmeg Ground kg,AMBIENT,PK Trading Ltd,Kg,,
ING001754,Nut Cashew Broken 5kg,AMBIENT,PK Trading Ltd,Kg,,
ING001980,Methi Leaves Frz 12 x 300gm,FROZEN,PK Trading Ltd,Kg,,
ING001844,Spice Mustard Powder English 57gm,AMBIENT,PK Trading Ltd,Kg,,
ING002145,Pepper Red Bell Flakes 10kg,AMBIENT,PK Trading Ltd,Kg,,
ING000514,Lentil Toor Dal,AMBIENT,Gandhi Oriental foods,Kg,,
ING000660,Butter Ghee 4 x 2kg,AMBIENT,Gandhi Oriental foods,Kg,,
ING000717,Lentil Urid Dal Black Whole KTC 4x2kg,AMBIENT,Gandhi Oriental foods,Kg,,
ING000786,Paste Tamarind 20 x 200gm KTC,AMBIENT,Gandhi Oriental foods,Kg,,
ING001339,Lentil Chana Dal Yellow Split KTC 4x2kg,AMBIENT,Gandhi Oriental foods,Kg,,
ING001955,Spice Coriander Ground KTC 3x5kg,AMBIENT,Gandhi Oriental foods,Kg,,
ING001834,Paprika Extract kg,AMBIENT,PK Trading Ltd,Kg,,
ING001988,Jack Fruit Young Green Tinned 6x2.9kg,AMBIENT,PK Trading Ltd,Kg,,
ING002421,Paste Tomato Aseptic 20kg,AMBIENT,PK Trading Ltd,Kg,,
ING002443,Apricots Diced Dried 10mm,AMBIENT,Gandhi Oriental foods,Kg,,
ING000158,Herb Fenugreek Methi Leaves TRS x kg,AMBIENT,PK Trading Ltd,Kg,,
ING000161,Puree Garlic 6 x1kg,AMBIENT,PK Trading Ltd,Kg,,
ING000244,Vinegar Balsamic 2 x 5ltr,AMBIENT,PK Trading Ltd,Ltr,,
ING000251,Oil Pomace 4 x 5ltr,AMBIENT,PK Trading Ltd,Ltr,,
ING000252,Spice Turmeric Ground 1KG,AMBIENT,Gandhi Oriental foods,Kg,,
ING000255,Bicarbonate of soda 5kg,AMBIENT,PK Trading Ltd,Kg,,
ING000287,Herb Bay Leaves Ground 6xkg,AMBIENT,PK Trading Ltd,Kg,,
ING000302,Rice Basmati Brown Tilda 20kg,AMBIENT,Gandhi Oriental foods,Kg,,
ING000308,Milk Coconut Surree 6x3 ltr,AMBIENT,PK Trading Ltd,Ltr,,
ING000530,Rice Wild 10x800gm,AMBIENT,PK Trading Ltd,Kg,,
ING000566,Tomato Puree 3x4.5kg,AMBIENT,PK Trading Ltd,Kg,,
ING000594,Spice Chat Masala Chunky 10 x 100gm,AMBIENT,PK Trading Ltd,Kg,,
ING000704,Spice Curry Powder Madras 1KG,AMBIENT,PK Trading Ltd,Kg,,
ING000744,Spice All Spice Ground kg,AMBIENT,PK Trading Ltd,Kg,,
ING000745,Pepper Cayenne KG,AMBIENT,PK Trading Ltd,Kg,,
ING000754,Mint Dried 500g (1x500GR),AMBIENT,PK Trading Ltd,Kg,,
ING000868,Noodle Vermicelli Rice Stick 4 x 3kg,AMBIENT,PK Trading Ltd,Kg,,
ING000879,Juice Lemon Concentrate 4x4lt,AMBIENT,PK Trading Ltd,Ltr,,
ING000901,Paste Thai Yellow Curry Mae Ploy 12 x 1kg,AMBIENT,PK Trading Ltd,Kg,,
ING001070,Saffron ( 6x 4GM),AMBIENT,PK Trading Ltd,Kg,,
ING001078,Smoked Paprika Hot 1 kg,AMBIENT,PK Trading Ltd,Kg,,
ING001141,Sauce Soya Tamari Kikkoman Gluten Free 1ltr,AMBIENT,PK Trading Ltd,Kg,,
ING001247,Pasta Vermicelli Filiz (Tel Sehriye) 10x500gm,AMBIENT,PK Trading Ltd,Kg,,
ING001264,Seeds Cumin Whole 1 kg,AMBIENT,PK Trading Ltd,Kg,,
ING001286,Quinoa Red 25KG,AMBIENT,Gandhi Oriental foods,Kg,,
ING001334,Onion Dried Fried Koshari 2 x 2.5 kg,AMBIENT,Gandhi Oriental foods,Kg,,
ING001384,Vinegar Apple Cider Aspell 5Ltr,AMBIENT,PK Trading Ltd,Kg,,
ING001404,Spice Fenugreek Powder 1kg,AMBIENT,PK Trading Ltd,Kg,,
ING001751,Paste Panang Curry Mae Ploy 12x1kg,AMBIENT,PK Trading Ltd,Kg,,
ing001752,Paste Harissa 24 x 380gm,AMBIENT,PK Trading Ltd,Kg,,
ING001835,Herb Bayleaf Dry 500gm,AMBIENT,PK Trading Ltd,Kg,,
ING001842,Spice Garlic Powder kg,AMBIENT,PK Trading Ltd,Kg,,
ING001846,Sauce Treacle Black 12 x 454gm,AMBIENT,PK Trading Ltd,Kg,,
ING001848,Potato Starch 32 x 450gm,AMBIENT,PK Trading Ltd,Kg,,
ING001901,Chickpea Kala Chana TRS 6x2kg,AMBIENT,PK Trading Ltd,Kg,,
ING001916,Lime Dried Powder,AMBIENT,PK Trading Ltd,Kg,,
ING001983,Spice Cardamom Black Whole,AMBIENT,PK Trading Ltd,Kg,,
ING001984,Spice Mace Whole 6 x 500gm,AMBIENT,PK Trading Ltd,Kg,,
ING001996,Smoking Liquor 12 x 118 kg,AMBIENT,PK Trading Ltd,Kg,,
ING002008,Spice Kokum 10 x 375gm Fudco Only,AMBIENT,PK Trading Ltd,Kg,,
ING002019,Spice Bayleaf Ground,AMBIENT,PK Trading Ltd,Kg,,
ING002039,Pasta Riso Orzo No76  24 x 500gm,AMBIENT,PK Trading Ltd,Kg,,
ING002064,Dried Shitake Mushroom sliced 6 x 500g,AMBIENT,PK Trading Ltd,Kg,,
ING002139,Maple Syrup 650ml,AMBIENT,PK Trading Ltd,Kg,,
ING002140,Coconut Milk Aroy D 6x2900ml JS,AMBIENT,PK Trading Ltd,Ltr,,
ING002141,Cashew Nut Butter 6ea x 1kg,AMBIENT,PK Trading Ltd,Kg,,
ING002192,Nutmeg Whole 10 x 100gm,AMBIENT,PK Trading Ltd,Kg,,
ING002200,Herb Dried Basil 500gm,AMBIENT,PK Trading Ltd,Kg,,
ING002324,Paste Green Curry Gang Thai 6x1kg,AMBIENT,PK Trading Ltd,Kg,,
ING002338,Sauce Soy Kikkoman 1Ltr,AMBIENT,PK Trading Ltd,Kg,,
ING002380,Mushroom Powder 500gm,AMBIENT,PK Trading Ltd,Kg,,
ING002403,Coconut Chips Toasted 10kg,AMBIENT,PK Trading Ltd,Kg,,
ING002414,Quinoa Black 25kg,AMBIENT,PK Trading Ltd,Kg,,
ING002417,Apricot Diced Organic 12.5kg,AMBIENT,PK Trading Ltd,Kg,,
ING002420,Mustard Robust Wholegrain Tewksbury 2  x 1.1Kg,AMBIENT,PK Trading Ltd,Kg,,
ING002441,Vinegar Rice Yutaka Ltr,AMBIENT,PK Trading Ltd,Ltr,,
ING002477,Pasta Penne Brown Rice Gluten Free Doves Farm 8 x 500gm,AMBIENT,PK Trading Ltd,Kg,,
ING002481,Cornflour 25kg,AMBIENT,Gandhi Oriental foods,Kg,,
ING002486,Spice Deggi Mirch MDH 24x500gm,AMBIENT,PK Trading Ltd,Kg,,
ING002487,Spice Kasoori Methi MDH 6x1kg,AMBIENT,PK Trading Ltd,Kg,,
ING002491,Spice Kitchen King MDH 10x100gm,AMBIENT,PK Trading Ltd,Kg,,
ING002538,Cereal Bar Oats and Honey Nature Valley 126ea x 42gm,AMBIENT,PK Trading Ltd,Each,,
ING002544,Nut Almond Chopped 10 x 1kg,AMBIENT,PK Trading Ltd,Kg,,
ING002582,Herb Tarragon Dried kg,AMBIENT,PK Trading Ltd,Kg,,
ING000709,Vinegar Rice Wine Mitsukan 710ml,FRESH,PK Trading Ltd,Ltr,,
ING001812,Puree Galangal kg,FRESH,PK Trading Ltd,Kg,,
ING001083,Soy Beans Edamame (Shelled) 20x454gm FZ,FROZEN,PK Trading Ltd,Kg,,
ING000151,Szechuan Pepper Crushed,AMBIENT,PK Trading Ltd,Kg,,
ING000597,"Golden Syrup,7.26",AMBIENT,PK Trading Ltd,Kg,,
ING000621,Spice Amchur (Dried Mango Powder) (Cs 10x100GR),AMBIENT,PK Trading Ltd,Kg,,
ING000714,Nut Pistachio Peeled 1kg,AMBIENT,PK Trading Ltd,Kg,,
ING000728,Juice Lime KTC 12x250ml,AMBIENT,PK Trading Ltd,Kg,,
ING000898,Tamarind Sweet Concentrate 6x425gm,AMBIENT,PK Trading Ltd,Kg,,
ING000972,Wine Shao Shing Rice  600 ml,AMBIENT,PK Trading Ltd,Kg,,
ING001138,Paste Curry Red Mae Ploy 1kg,AMBIENT,PK Trading Ltd,Kg,,
ING001140,Sauce Thai Fish 725 ml,AMBIENT,PK Trading Ltd,Kg,,
ING001323,Milk Condensed 12 x 397ml,AMBIENT,PK Trading Ltd,Ltr,,
ING001335,Yellow Food Colouring liquid  500ML,AMBIENT,PK Trading Ltd,Ltr,,
ING001391,Lentil Masoor Brown Whole 1kg,AMBIENT,PK Trading Ltd,Kg,,
ING001394,Seeds Fenugreek,AMBIENT,PK Trading Ltd,Kg,,
ing001707,Water Kewda Jasmine 12 x 330ml,AMBIENT,PK Trading Ltd,Each,,
ING002037,Mushroom Black Fungus dried 1kg pack,AMBIENT,PK Trading Ltd,Kg,,
ING002038,Paste Miso Red 10kg,AMBIENT,PK Trading Ltd,Kg,,
ING002118,Mango Essence 500ml,AMBIENT,PK Trading Ltd,Ltr,,
ING002510,Onion Fried kg,AMBIENT,PK Trading Ltd,Kg,,
ING002562,Sauce Yellow Bean Crushed 12 x 470gm,AMBIENT,PK Trading Ltd,Kg,,
ING002588,Lotus Root Tinned,AMBIENT,PK Trading Ltd,Kg,,
ING002589,Sauce Oyster 6 x 2.27kg LKK,AMBIENT,PK Trading Ltd,Kg,,
ING002590,Sauce Chilli Garlic 12 x 368gm LKK,AMBIENT,PK Trading Ltd,Kg,,
ING002596,Sauce Char Sui 12 x 397gm LKK,AMBIENT,PK Trading Ltd,Kg,,
ING002597,Paste Jerk Seasoning Dunn River,AMBIENT,PK Trading Ltd,Kg,,
ING000765,Seeds Sunflower kg,AMBIENT,PK Trading Ltd,Kg,,
ING001034,Lentil Mung Bean Green Whole KTC 4x2kg,AMBIENT,PK Trading Ltd,Kg,,
ING001714,Spice Chana Masala MDH 10x100g,AMBIENT,PK Trading Ltd,Kg,,
ING000283,Citric Acid 300gm,AMBIENT,PK Trading Ltd,Kg,,
ING001679,Flour Rice Powder 5 kg,AMBIENT,PK Trading Ltd,Kg,,
ING000768,Zatar Mixed Gardenia 5 kg,FRESH,PK Trading Ltd,Kg,,
ING001332,Kewra Water 12x300ml,AMBIENT,PK Trading Ltd,Kg,,
ING000280,Baking Powder 850gm,AMBIENT,PK Trading Ltd,,,
ING001049,Sauce Tabasco 350ml,AMBIENT,PK Trading Ltd,,,
ING002062,Spice Caraway Ground KG,AMBIENT,PK Trading Ltd,,,
ING002646,"Glebe Farm Plain Flour, GF",AMBIENT,PK Trading Ltd,,,
ING000305,Tahini/ S H Yaman (1 x 3.6kG),AMBIENT,PK Trading Ltd,,,
ING001197,Chutney Tamarind (1KG),AMBIENT,PK Trading Ltd,,,
ING001330,Lentil Urid Dal White KTC 4x2kg,AMBIENT,Gandhi Oriental foods,,,
ING000726,Sauce Soy Light Amoy 2x1.9 ltr,aMBIENT,PK Trading Ltd,,,
ING001194,Lentil Daria Dal Roasted Split Gram (6x700GM),aMBIENT,PK Trading Ltd,,,
ING000466,Prune Pitted Large 1kg,AMBIENT,PK Trading Ltd,,,
ING000703,Spice Cajun Seasoning,AMBIENT,PK Trading Ltd,,,
ING001396,Spice Sambar Masala 10 x 100gm,AMBIENT,PK Trading Ltd,,,
ING000177,Oil Extended Life Rapeseed KTC (1x20L),AMBIENT,Quatra ,Ltr,,
ING002208,Oil Extended Life Rapeseed PROPER VAA (1x20L),AMBIENT,Quatra ,Ltr,,
PACK000533,Tamper Evident Round Container 120ml 460 c/s,PACK,R H Pachaging ,,,
PACK000522,5 Kg plastic Tub 25 c/s with lids,PACK,R H Pachaging ,,,
PACK000204,Tamper Evid Pots & Lids 240ml x 97mm 500 ea,pack,R H Pachaging ,,,
ING000668,Baked Smoky Chipotle BBQ Californian Almond 200x28gm,,REAL HANDFUL,,,
PACK000486,Label  Multipurpose GREEN VAA Outer 105mmx148mm 400Ea,PACK,Reflex Labels Ltd,Each,,
PACK000206,Label Blue flood coated 2 across 40mm x 60mm 3000 Ea,PACK,Reflex Labels Ltd,Each,,
PACK000218,Label Green blank 2 across - 40mm x 60mm (3000ea),PACK,Reflex Labels Ltd,Each,,
PACK000227,Label White Blank 2 across - 40mm x 60mm (3000 Ea),PACK,Reflex Labels Ltd,Each,,
PACK000228,Label Red Flood Coated 2 Across 40mmx60mm (3000ea),PACK,Reflex Labels Ltd,Each,,
PACK000488,Label  Multipurpose RED VAA Outer 105mmx148mm 400Ea,PACK,Reflex Labels Ltd,,,
ING002684,Poori 20g 3 in 1 Foil,FROZEN,Riya foods,,,
ING000694,Thyme 3mm FZN,FROZEN,Rosemary & Thyme Ltd,Kg,,
ING000979,Coriander Chopped 6mm Fzn,FROZEN,Rosemary & Thyme Ltd,Kg,,
ING001436,Carrot Diced 10mm Fzn,FROZEN,Rosemary & Thyme Ltd,Kg,,
ING001897,Carrot Diced 20mm FRZ,FROZEN,Rosemary & Thyme Ltd,Kg,,
ING001804,Sage Chopped 3mm FZN 1kg,FROZEN,Rosemary & Thyme Ltd,Kg,,
ING001910,Dill chopped 3mm 1kg FRZ,FROZEN,Rosemary & Thyme Ltd,Kg,,
ING001743,Puree Garlic FRZ,FROZEN,Rosemary & Thyme Ltd,Kg,,
ING001745,Puree Ginger FRZ,FROZEN,Rosemary & Thyme Ltd,Kg,,
ING001747,Chilli Green Chopped FZN,FROZEN,Rosemary & Thyme Ltd,Kg,,
ING001871,Pepper Green Diced 20mm FRZ,FROZEN,Rosemary & Thyme Ltd,Kg,,
ING001890,Pepper Green Diced 10mm FRZ 1kg,FROZEN,Rosemary & Thyme Ltd,Kg,,
ING001895,Pepper Red Diced 20mm FRZ,FROZEN,Rosemary & Thyme Ltd,Kg,,
ING001748,Lemon Grass Milled IQF 10kg,FROZEN,Rosemary & Thyme Ltd,Kg,,
ING002115,Curry Leaves 4-6mm IQF 4kg,FROZEN,Rosemary & Thyme Ltd,Kg,,
ING002204,Lime Leaf Milled FRZ 10kg,FROZEN,Rosemary & Thyme Ltd,Kg,,
PACK000010,Frozen Cardboard box VT 500x345x225 C-Flute 200KT,PACK,Roydon,Each,,
PACK000231,Layer Pad cardboard separator 1000 Each 238188,PACK,Roydon,Each,,
PACK000317,Frozen Export Cardboard box VAA 480x325x210 Heavy Flute SC,PACK,Roydon,Each,,
PACK000482,Cardboard Box MC 1P 400x280x85 150K150T150BW,PACK,Roydon,Each,,
PACK000483,Cardboard Box MC 2P 334x258x192 200K200K,PACK,Roydon,Each,,
ING001408,Cod Fillets Skin Off Lion Delice 120gm x 40 ea,FRESH,Seahawk Marine Foods Ltd,Each,,
ING001084,Cod Diced 20mm 1KG,FROZEN,Seahawk Marine Foods Ltd,Kg,,
ING001540,Salmon Offcuts  without Skin 10KG,FROZEN,Seahawk Marine Foods Ltd,Kg,,
ING001734,Haddock smoked diced IQF 25mm 10 kg,FROZEN,Seahawk Marine Foods Ltd,Kg,,
ING002027,Cod Loin Portions 60-80gm 100ea,FROZEN,Seahawk Marine Foods Ltd,,,
PACK000312,VAA casserole dish,PACK,seko logistics,Each,,
ING002100,Poori Plain Mini 20gm Chilled Ea,FRESH,SNK Foods Ltd.,Each,,
ING000475,Chapatti 20 Each,FROZEN,SNK Foods Ltd.,,,
ING001468,Samosa Green Peas & Cashew Nut,FROZEN,SNK Foods Ltd.,Each,,
ING001470,Gulab Jamun 40gm (175ea/Tub),FROZEN,SNK Foods Ltd.,Each,,
ING001686,Cashew Croquette 40gm,FROZEN,SNK Foods Ltd.,Each,,
ING001691,Paratha Aloo 60gm,FROZEN,SNK Foods Ltd.,Each,,
ING002093,Potato Croquette SNK 40gm,FROZEN,SNK Foods Ltd.,Each,,
ING002560,Onion Bharji 45gm x 4ea,FROZEN,SNK Foods Ltd.,Each,,
ING002612,Poori Plain Mini Flat Pack 2x20gm Frozen,FROZEN,SNK Foods Ltd.,Each,,
ING002094,Cabbage Medu Wada 25gm,FROZEN,SNK Foods Ltd.,,,
ING002542,Corn Cutlet 50gm,FROZEN,SNK Foods Ltd.,,,
ING001120,Hara Bhara Jain (VJML),FROZEN,SNK Foods Ltd.,,,
ING001674,Aloo Bonda 40gm,FROZEN,SNK Foods Ltd.,,,
ING001675,Masala Dosa 40gm,FROZEN,SNK Foods Ltd.,,,
ING001676,Spinach Wada 25gm,FROZEN,SNK Foods Ltd.,,,
ING001683,Paratha Plain 40gm EA FS,FROZEN,SNK Foods Ltd.,,,
ING001788,Tomato Uttapam 25gm,FROZEN,SNK Foods Ltd.,,,
PACK000435,Tray White PET SC700 1P (Mindful Chef) Cs 1000,PACK,Southern Cross Packaging Ltd.,Each,,
PACK000460,Tray White PET SC17 2P Mindful Chef 375ea,PACK,Southern Cross Packaging Ltd.,Each,,
ING001403,Cheese Paneer Cubes Diced (20mm) 5kg,FRESH,Sugam Paneer UKAY KHOA MANUFACTURING LTD,Kg,,
ING001354,Cheese Paneer Grated 3kg,FRESH,Sugam Paneer UKAY KHOA MANUFACTURING LTD,Kg,,
ING001699,"Paneer Fingers (20mm x 40mm), 20gm 5 kg",FROZEN,Sugam Paneer UKAY KHOA MANUFACTURING LTD,,,
ING002404,Chicken Breast Diced 20mm IQF 5x2kg,FROZEN,The Food Fellas,Kg,,
ING002557,Chicken Breast Red Tikka Zig Zag 20-25mm IQF,FROZEN,The Food Fellas,Kg,,
ING000294,Spice Paprika Smoked Sweet 750gm,AMBIENT,The Fresh Olives (Belazu),Kg,,
ING000301,Rice Arborio Risotto 12 x 1kg,AMBIENT,The Fresh Olives (Belazu),Kg,,
ING002227,Paste Tomato Sundried Belazu 1.2kg,AMBIENT,The Fresh Olives (Belazu),Kg,,
ING002402,Olive Black Pitted Reduced Salt 5kg,AMBIENT,The Fresh Olives (Belazu),Kg,,
ING002430,Vinegar Balsamic Cooking 1 x 5Ltr,AMBIENT,The Fresh Olives (Belazu),Ltr,,
ING002472,Pesto Green Vegan Belazu 6 x 900gm,AMBIENT,The Fresh Olives (Belazu),Kg,,
ING002490,Chicken Thigh Skinless Boneless 50-70gm Cut in 4,FRESH,The Woodhouse Butchery,Kg,,
ING002412,Chicken Inner Fillets Free Range 60-70gm,FROZEN,Traditional Norfolk Poultry Ltd.,Kg,,
ING001969,Sausage Pork and Leek 75gm 2.72kg,FROZEN,Traditional Welsh Sausage Co Ltd,Kg,,
ING001725,Sausage Pork British 16s 1.36 kg Ea,MEAT,Traymoor Limited,Each,,
ING002011,Pork Diced 15-20mm kg,MEAT,Traymoor Limited,Kg,,
ING002219,Turkey Ballontine kg,,Traymoor Limited,Kg,,
ING002066,Puree Apricot IQF,FRESH,VALIMEX,Kg,,
PACK000309,WK056234 Grill Bag Brown Kraft 040BAG1K  310x105x40 600ea,PACK,W. K Thomas,,,
ING002669,Mead,AMBIENT,Waitrose Cellar <waitrosecellar@waitrose.co.uk>,,,
ING002531,Lentil Pasta Sheet Profusion 12x250gm,AMBIENT,Windmill Organics Ltd,Kg,,
PACK000215,SILVER DISPENSER PACK FOILS (WK069065) 6x500,PACK,WK Thomas,Each,,
PACK000500,White Box Cold Breakfast - 500 ea,PACK,WK Thomas,Each,,
PACK000142,WK071017 Paper Disc 130mm SVP 1000ea,PACK,WK Thomas,Case,,
PACK000318,WK035407 FOIL PIECES GOLD 10027/401 216X152MM 1000ea,PACK,WK Thomas,Case,,
PACK000451,WK071821 Carton Brown Leakproof Kraft No.3 180ea,PACK,WK Thomas,Each,,
PACK000501,No4 Kraft Brown Food boxes 160,PACK,WK Thomas,Case,,
PACK000106,"WK030276 Clear Square Bowl 175 ml, 600 Ea",PACK,Wk Thomas,,,
PACK000120,WK030275 Clear Lids DOM for 175ML Pots 300,PACK,Wk Thomas,,,
PACK000007,WK013105 P100 1oz Portion Pots solo 5000,PACK,Wk Thomas,,,
PACK00006,WK013110 PL1 1oz Portion Lid solo 5000,PACK,Wk Thomas,,,
ING000918,Paste Tomato W/W  2.2kg,AMBIENT,Woodward Food Services,Kg,,
ING000267,Vinegar White Wine 5Ltr,Ambient,Woodward Food Services,,,
ING001551,Bread White Medium Sliced (800GM / Ea),FROZEN,Woodward Food Services,Each,,
ING000073,Sauce Horseradish 2.27kg,AMBIENT,Woodward Food Services,,,
ING000120,Egg Whole Pasteurised Free Range 1kg,FRESH,Woodward Food Services,,,
ING000132,Yoghurt Strawberry Organic Yeo Valley 12 x 80gm,FRESH,Woodward Food Services,,,
ING000166,Egg Poached 1 x 48,AMBIENT,Woodward Food Services,,,
ING000229,Chicken Nuggets Jumbo 2.5KG,FROZEN,Woodward Food Services,,,
ING000366,Okra Fresh,FRESH,Woodward Food Services,,,
ING000706,Juice Orange 12 x 1ltr,AMBIENT,Woodward Food Services,,,
ING000739,Apricots Dried 3kg,AMBIENT,Woodward Food Services,,,
ING000770,Chutney Tomato 2.5kg,AMBIENT,Woodward Food Services,,,
ING000860,Pudding Loaf MW Chrismas 6 x1.25 kg,AMBIENT,Woodward Food Services,,,
ING000943,Oats Rolled 2kg,AMBIENT,Woodward Food Services,,,
ING000959,Compote Mixed Berry 1.25KG,FROZEN,Woodward Food Services,,,
ING001109,Butter Portions  size 7,AMBIENT,Woodward Food Services,Each,ING002696,Halal Chicken Sausage 16's IQF 1x4.54
ING001114,Sauce Tomato Ketchup Without Onion & Garlic 200ea,AMBIENT,Woodward Food Services,Each,,
ING001497,"Vegetable Mix Frozen (bean,broccoli) (Pinginn)(6 x 1.5KG)",FROZEN,Woodward Food Services,Kg,,
ING001556,Yoghurt Strawberry 12 x 85gm,FRESH,Woodward Food Services,Each,,
ING001708,Custard Ambrosia 12 x 1 Ltr.,AMBIENT,Woodward Food Services,Kg,,
ING001712,Chocolate Sauce 1 X 1 Ltr.,AMBIENT,Woodward Food Services,Kg,,
ING001715,Pasta Lasagne Italian Sheets 6x500g,AMBIENT,Woodward Food Services,Kg,,
ING002359,Breadcrumb Gluten Free,AMBIENT,Woodward Food Services,Kg,,
ING002587,Pork Belly Slowly Cooked 8 x 315gm,,Woodward Food Services,Each,,
ING002614,Fish White Finger Omega 3 120 x 25gm,FROZEN,Woodward Food Services,Each,,
ING002615,Potato Mash Instant Mix 2.5 kg,AMBIENT,Woodward Food Services,Kg,,
ING000356,Bread Naan Mini 30 x 40gm,FRESH,Woodward Food Services,,,
ING000173,Falafel Balls (Cs 40x1EA),FROZEN,Woodward Food Services,,,
ING001927,Pasta Macaroni Short Cut,AMBIENT,Woodward Food Services,Kg,,
ING002422,Paste Bouillion Vegetable Mirepoix stock Major 1x10kg,AMBIENT,Woodward Food Services,Kg,,
ING000005,Pasta Macaroni 3kg,AMBIENT,Woodward Food Services,Kg,,
ING000016,Dressing Caeser 2.27gm,AMBIENT,Woodward Food Services,Kg,,
ING000031,Juice Pineapple Sunpride 1 x 12Ltr,AMBIENT,Woodward Food Services,Ltr,,
ING000104,Cous Cous 1KG,AMBIENT,Woodward Food Services,Kg,,
ING000239,Salt Table 6kg,AMBIENT,Woodward Food Services,Kg,,
ING000246,Bouillon Chicken Major Stock Base 1kg,AMBIENT,Woodward Food Services,Kg,,
ING000248,Sugar Granulated 15 x 1kg,AMBIENT,Woodward Food Services,Kg,,
ING000271,Sugar Brown 3 x 3kg,AMBIENT,Woodward Food Services,Kg,,
ING000298,Olive Black Pitted 2.26kg,AMBIENT,Woodward Food Services,Kg,,
ING000321,Linguini dry (5kg),AMBIENT,Woodward Food Services,Kg,,
ING000364,Nut Almond Flaked  1kg,AMBIENT,Woodward Food Services,Kg,,
ING000480,Vinegar Red Wine,AMBIENT,Woodward Food Services,Ltr,,
ING000537,Flour Plain 6 x 1.5kg,AMBIENT,Woodward Food Services,Kg,,
ING000538,Cranberries Dried 1kg,AMBIENT,Woodward Food Services,Kg,,
ING000558,Bouillon Mushroom Stock Paste KNORR 2 x 1kg,AMBIENT,Woodward Food Services,Kg,,
ING000645,Breadcrumbs Japanese Panko 3.5 kg,AMBIENT,Woodward Food Services,Kg,,
ING000699,Mustard Dijon 2.5kg,AMBIENT,Woodward Food Services,Kg,,
ING000702,Seeds Pumpkin 1 x 550gm,AMBIENT,Woodward Food Services,Kg,,
ING000707,Wine White Cooking 10Ltr,AMBIENT,Woodward Food Services,Kg,,
ING000708,Oil Sesame 2 LTR,AMBIENT,Woodward Food Services,Ltr,,
ING000722,Breadcrumbs Natural 3.5kg,AMBIENT,Woodward Food Services,Kg,,
ING000783,Jelly Redcurrant 4 x 3kg,AMBIENT,Woodward Food Services,Kg,,
ING000784,Mustard Wholegrain 2.27Ltr,AMBIENT,Woodward Food Services,Ltr,,
ING000905,Sauce Tomato Ketchup 2.15kg,AMBIENT,Woodward Food Services,Kg,,
ING000933,Sauce Worcester12x150ml USE ING002122,AMBIENT,Woodward Food Services,Ltr,,
ING001001,Yeast Flake Engevita Nutri M/Gold 125gm,AMBIENT,Woodward Food Services,Kg,,
ING001212,Milk Semi Skimmed UHT Tetrapack 12 x 1L,AMBIENT,Woodward Food Services,Ltr,,
ING001315,Potato Smash Powder 2kg,AMBIENT,Woodward Food Services,Kg,,
ING001484,Tuna Chunks in Brine 800gm,AMBIENT,Woodward Food Services,Kg,,
ING001498,Vinegar Malt Distilled White 5 Ltr,AMBIENT,Woodward Food Services,Ltr,,
ING001602,Sauce Soy Dark Blue Dragon 4x2 Ltr,AMBIENT,Woodward Food Services,Ltr,,
ING001631,Bouillon Beef Major Stock powder 1kg,AMBIENT,Woodward Food Services,Kg,,
ING001662,Bouillion Vegetable 1 x 2.5kg,AMBIENT,Woodward Food Services,Kg,,
ING001717,Sauce Chipotle BBQ spicy 1x2.2Kg Brakes,AMBIENT,Woodward Food Services,Kg,,
ING001732,Sauce Bechamel Butter MacPhie 10Ltr,AMBIENT,Woodward Food Services,Ltr,,
ING001733,Sauce Demi Glace Thick Macphie 10Ltr,AMBIENT,Woodward Food Services,Kg,,
ING001761,Breadcrumb Panko Brakes 1x3.5kg,AMBIENT,Woodward Food Services,Kg,,
ING001785,Sauce Piri Piri Marinade Major 2x1.25ltr,AMBIENT,Woodward Food Services,Kg,,
ING001885,Bean Cannellini in water 6x2.62kg,AMBIENT,Woodward Food Services,Kg,,
ING001929,Bouillon Chicken paste Major 1kg,AMBIENT,Woodward Food Services,Kg,,
ING002044,Dressing Honey and Mustard 2.27ltr,AMBIENT,Woodward Food Services,Ltr,,
ING002045,Sauce Piccalilli 2.25kg,AMBIENT,Woodward Food Services,Kg,,
ING002058,Beans Baked Brakes 2.62kg,AMBIENT,Woodward Food Services,Kg,,
ING002063,Vinegar Rice Mikado 6 x 500ml,AMBIENT,Woodward Food Services,Ltr,,
ING002082,Paste Jerk Jamaican Knorr 1x1.5kg,AMBIENT,Woodward Food Services,Kg,,
ING002424,Juice Orange Still Carton Calypso 30 x 200ml AQJ67,AMBIENT,Woodward Food Services,Each,,
ING002426,Biscuits Mini Pack Brakes 100ea,AMBIENT,Woodward Food Services,Each,,
ING000127,Mayonnaise (REAL) 10LTR,FRESH,Woodward Food Services,,,
ING002399,Creme Fraiche Brakes 2kg,FRESH,Woodward Food Services,Kg,,
ING000074,Omelette Plain 24 x 100gm,FROZEN,Woodward Food Services,,,
ING000194,Potato Mash FZN 4 x 2.5kg,FROZEN,Woodward Food Services,,,
ING000201,Mixed Vegetables 4x2.5kg,FROZEN,Woodward Food Services,,,
ING000332,Duck Leg Confit 10ea x 220gm,FROZEN,Woodward Food Services,,,
ING000687,Hash Browns Brakes 2.5kg,FROZEN,Woodward Food Services,,,
ING001006,Carrot Chanteney FRZ 1kg,FROZEN,Woodward Food Services,Kg,,
ING001130,Bread Crispy Crumbled Vegetable Burgers 57g x  30ea,FROZEN,Woodward Food Services,Each,,
ING001511,Mediterranean Vegetable Mix 1kg,FROZEN,Woodward Food Services,Kg,,
ING001781,"Carrot, Swede and Potato Mash Fzn 2.5 kg",FROZEN,Woodward Food Services,Kg,,
ING001796,Potato Sliced saute FRZ 2.5kg,FROZEN,Woodward Food Services,Kg,,
ING001921,Okra Sliced 1kg,FROZEN,Woodward Food Services,Kg,,
ING002206,Potato Gratin Dauphinois Lutosa 2.5kg,FROZEN,Woodward Food Services,Kg,,
ING002400,Bean Green Whole Trimmed IQF,FROZEN,Woodward Food Services,Kg,,
ING002446,Ratatouille Vegetable Mix FRZ 4 x 1.5kg,FROZEN,Woodward Food Services,Kg,,
ING001368,Olives Black Sliced 2.35kg,AMBIENT,Woodward Food Services,,,
ING002113,Pasta Farfelle,AMBIENT,Woodward Food Services,,,
ING002629,French Dressing Brakes 1x2.27kg,AMBIENT,Woodward Food Services,,,
ING002656,La Boulangerie White Baguettes 1x40,FROZEN,Woodward Food Services,,,
ING000118,Egg Hard Boiled Peeled 48ea,AMBIENT,Woodward Food Services,,,
ING001787,Marinade Jerk BBQ Glaze Brakes 1x1.3kg,AMBIENT,Woodward Food Services,,,
ING002623,Cereal Bar Canadian Maple Nature Valley 18ea x 42gm Brakes,AMBIENT,Woodward Food Services,,,
ING000247,Sugar Caster 2 kg,AMBIENT,Woodward Food Services,,,
ING000279,Dark Chocolate 70% Callebout  1 x 2.5kg,AMBIENT,Woodward Food Services,,,
ING001604,Mint Sauce 2.27 Ltr,AMBIENT,Woodward Food Services,,,
ING000565,Noodles Egg Medium 4x250gm USE ING2121,AMBIENT,Woodward Food Services,,,
ING001425,"Halal Chicken Thigh RT, Skin & Bone On 110-140gm Each 1x25",MEAT,Woodward Food Services,,,
ING001923,Sausage Chicken 16's 1.36kg Halal,FROZEN,Woodward Food Services,,,
ING002049,Bread Brown Bloomer Sliced 800gm ea,FROZEN,Woodward Food Services,,,
ING002122,Worcester Sauce Lea & Perrins 2x2Ltr,AMBIENT,Woodward Food Services,,,
ING002696,Halal Chicken Sausage 16's IQF 1x4.54,FROZEN,Woodward Food Services,,,
ING002627,Breadcrumbs Gluten Freee brakes 1.5kg,AMBIENT,Woodward Food Services,,,
ING002658,M & J Seafood Salmon &Dill Fish Cakes,FROZEN,Woodward Food Services,,,
ING000773,Pomegranate molasses (Ea 12x500ML),AMBIENT,Woodward Food Services,,,
ING000995,Potato Gnocchi 3kg,AMBIENT,Woodward Food Services,,,
ING002657,Halal Chicken Wings Split,FROZEN,Woodward Food Services,,,
ING002573,Vegan Mayonnaise c/s 6 X 1ltr,AMBIENT,Woodward Food Services,,,
ING002702,"La Boulangerie 7.5"" Part Baked Malted Wheat Sandwich Baguett",FROZEN,Woodward Food Services,,,
ING002705,Bread Naan Mini 30 c/s x 40gm,FROZEN,Woodward Food Services,,,
ING002709,Stir Fry Oriental Vegetable Mix Pinguin FRZ kg,FROZEN,Woodward Food Services,,,
ING002235,Bacon Streaky Sliced Unsmoked 30gm 2.27kg,FROZEN,Woodward Food Services,,,
ING000960,Cornichon Gherkin (2.3KG/JAR),AMBIENT,Woodward Food Services,,,
ING001255,Bread Garlic & Parsley Slice 85 x 24gm,FROZEN,Woodward Food Services,,,
ING001331,Vol au Vent Medium 60mm 85ea,FROZEN,Woodward Food Services,,,
ING001430,Potato McCain CS Simply Wedge 2.5kg,FROZEN,Woodward Food Services,,,
ING001711,"Quiche Case 20-22gm each, 1 x 72 each",FROZEN,Woodward Food Services,,,
ING001922,Potato Croquettes 2.5kg,FROZEN,Woodward Food Services,,,
ING002659,Quorn Vegan Pieces,AMBIENT,Woodward Food Services,,,
ING001857,Yeast 42gm,AMBIENT,Woodward Food Services,,,
ING002725,Strong White Bread Flour 1x1.5kg,AMBIENT,Woodward Food Services,,,
ING002732,Thai Green Curry Paste Knorr Professional Blue Dragon 1.1kg,FROZEN,Woodward Food Services,,,
PACK000437,Film 250mm x 1400 metres 25OL12 MC (13.5kg per roll),PACK,Wrapid Manufacturing Ltd,Each,,
ING002092,Danish Apple & Raisin Wrapped Eggless 1ea,AMBIENT,,,,
ING002766,Crushed Tomatoes 10kg 90 c/s,AMBIENT,Gandhi Oriental foods,,,
ING002730,Vegan Mayonnaise 5 Ltrs,FRESH,Woodward Food Services,,,
ING000433,Pepper Yellow Whole 1KG,FRESH,Gradegold Catering,,,
ING000459,Peas Garden FRZ,Frozen,foodnet ,,,
ING001569,Paste Curry Green Mae Ploy (12Ltr x 1),AMBIENT,PK Trading Ltd,,,
ING001965,Beef Mince 85-90% VL Halal,MEAT,haloodies,,,
